Headline,Country,City,lat,long,Country_Code
Zika Outbreak Hits Miami,,Miami,25.77427,-80.19366,US
Could Zika Reach New York City,,New York City,40.71427,-74.00597,US
First Case of Zika in Miami Beach,,Miami Beach,25.79065,-80.13005,US
Mystery Virus Spreads in Recife Brazil,Brazil,Recife,-8.05389,-34.88111,BR
Dallas man comes down with case of Zika,,,,,
Trinidad confirms first Zika case,,,,,
Zika Concerns are Spreading in Houston,,Houston,29.76328,-95.36327,US
Geneve Scientists Battle to Find Cure,,,,,
The CDC in Atlanta is Growing Worried,,Atlanta,33.749,-84.38798,US
Zika Infested Monkeys in Sao Paulo,,,,,
Brownsville teen contracts Zika virus,,,,,
Mosquito control efforts in St Louis take new tactics with Zika threat,,,,,
San Juan reports 1st US Zikarelated death amid outbreak,,,,,
Flu outbreak in Galveston Texas,,Galveston,29.30135,-94.7977,US
Zika alert  Manila now threatened,,Manila,14.6042,120.9822,PH
Zika afflicts 7 in Iloilo City,,Iloilo,10.69694,122.56444,PH
New Los Angeles Hairstyle goes Viral,,Los Angeles,34.05223,-118.24368,US
Louisiana Zika cases up to 26,,,,,
Orlando volunteers aid Zika research,,Orlando,28.53834,-81.37924,US
Zika infects pregnant woman in Cebu,,,,,
Chicago First Zika Case Confirmed,,Chicago,41.85003,-87.65005,US
Tampa Bay Area Zika Case Count Climbs,,Tampa,27.94752,-82.45843,US
Bad Water Leads to Sickness in Flint Michigan,,,,,
Baltimore plans for Zika virus,,Baltimore,39.29038,-76.61219,US
London Health Unit Tracks Mad Cow Disease,,,,,
Zika cases in Vietnam Ho Chi Minh City surge,Vietnam,Ho Chi Minh City,10.82302,106.62965,VN
Philadelphia experts track pandemic,,Philadelphia,39.95233,-75.16379,US
Flu season hits Boston,,,,,
Scientists in Paris to look for answers,,,,,
Key Zika Findings in San Diego Institute,,,,,
ThailandZika Virus in Bangkok,Thailand,Bangkok,13.75398,100.50144,TH
Beijing team cracks Zika secret,,Beijing,39.9075,116.39723,CN
Zika spreading to Salvador,,Salvador,-12.97111,-38.51083,BR
Kuala Lumpur is Hit By Zika Threat,,Kuala Lumpur,3.1412,101.68653,MY
First Zika case confirmed in Yangon,,Yangon,16.80528,96.15611,MM
Tallahassee Doctors Discuss Zika Virus,,Tallahassee,30.43826,-84.28073,US
Zika Virus Reaches San Francisco,,,,,
New Vaccine on Trial in Bethesda District,,Bethesda,38.98067,-77.10026,US
Townsville Zika tests inconclusive,,Townsville,-19.26639,146.80569,AU
Mandaluyong City under Siege by Virus,,Mandaluyong City,14.5832,121.0409,PH
Hepatitis E reemerges in Santa Rosa,,,,,
Zika worries in San Salvador,,San Salvador,13.68935,-89.18718,SV
Zika virus reported in Cleveland,,,,,
More Zika patients reported in Austin,,,,,
Zika outbreak in Piracicaba Brazil,Brazil,Piracicaba,-22.72528,-47.64917,BR
Lima tries to address Zika Concerns,,,,,
More people in Toronto are infected with Hepatitis E every year,,Toronto,43.70011,-79.4163,CA
18 new Zika Cases in Bogota,,,,,
Spanish Flu Sighted in Antigua,,Sig,35.52832,-0.19369,DZ
Brisbane is infested with Meningitis,,Brisbane,-27.46794,153.02809,AU
Cholera outbreak in Dakar,,Dakar,14.6937,-17.44406,SN
Zika Virus Transmission Detected in Havana,,Havana,23.13302,-82.38304,CU
Zika symtomps spotted in Key West,,Key West,24.55524,-81.78163,US
Case of Measles Reported in Vancouver,,,,,
Seattle scientists get 500000 grant to pursue Zika vaccine New 750 pm,,Seattle,47.60621,-122.33207,US
Nashville takes precautions against Zika,,Nashville,36.16589,-86.78444,US
Saint Croix under Zika threat,,Saint Croix,17.72751,-64.74698,VI
Fort Collins Encounters Severe Symptoms of Gonorrhea,,Fort Collins,40.58526,-105.08442,US
Zika surfaces in Klang Malaysia,Malaysia,Klang,3.03667,101.44333,MY
Rumors about Meningitis spreading in Guatemala City have been refuted,Guatemala,Guatemala City,14.64072,-90.51327,GT
Madison lab developing vaccine against Zika virus The Wisconsin State Journal,,,,,
New Zika Case Confirmed in Sarasota County,,Sarasota,27.33643,-82.53065,US
Lower Hospitalization in Entebbe after Rabies Vaccine becomes Mandatory,,Entebbe,0.05621,32.47949,UG
Carnival under threat in Rio De Janeiro due to Zika outbreak,,,,,
Second Zika Paitient in Brasilia,,Bra,44.69776,7.85128,IT
Jacksonville man hit by Zika,,,,,
Schools in Shenzhen Closed Due to Malaria Outbreak,,Shenzhen,22.54554,114.0683,CN
Caracas patient dies,,Caracas,10.48801,-66.87919,VE
More Quezon City Zika Transmissions,,,,,
Schools in Sydney Closed Due to Respiratory Syncytial Virus Outbreak,,,,,
Mumbai Health Minister warns of more Zika cases,,Mumbai,19.07283,72.88261,IN
Pune woman diagnosed with Zika,,Pune,18.51957,73.85535,IN
Hospitals in Hanoi fill up with Zika patients,,Hanoi,21.0245,105.84117,VN
Zika case reported in Oton,,,,,
Authorities are Worried about the Spread of Bronchitis in Silver Spring,,Silver Spring,38.99067,-77.02609,US
Zika Delhi for strict monitoring,,Delhi,28.65195,77.23149,IN
Hillsborough uses innovative trap against Zika 20 minutes ago,,Hillsboro,45.52289,-122.98983,US
Belize City under threat from Zika,Belize,Belize City,17.49952,-88.19756,BZ
Student sick in Campinas Brazil,Brazil,,,,
More Zika cases in Soyapango,,Soyapango,13.71024,-89.13989,SV
Authorities are Worried about the Spread of Mad Cow Disease in Rome,,,,,
Seoul confirms 14th Zika infection,,Seoul,37.566,126.9784,KR
Hepatitis B Vaccine is now Required in Quebec,,,,,
Zika outbreak spreads to Mexico City,Mexico,Mexico City,19.42847,-99.12766,MX
Rochester authorities confirmed the spread of Dengue,,,,,
El Paso fighting Zika,,El Paso,31.75872,-106.48693,US
Visitor to Cucuta contracts Zika,,,,,
Zika now spreading through Jakarta,,Jakarta,-6.21462,106.84513,ID
Maka City Experiences Influenza Outbreak,,,,,
Salt Lake City tests new cure for Respiratory Syncytial Virus,,Salt Lake City,40.76078,-111.89105,US
Zika San Antonio Patient Speaks Out,,,,,
Ebola outbreak in Kampala,,Kampala,0.31628,32.58219,UG
Precautionary Zika measures in Rockhampton,,Rockhampton,-23.38032,150.50595,AU
Zika arrives in Tegucigalpa,,Tegucigalpa,14.0818,-87.20681,HN
New Zika Case Confirmed in Belo Horizonte,,Belo Horizonte,-19.92083,-43.93778,BR
Case of Hepatitis E Reported in Melbourne,,,,,
First Columbus Zika case,,,,,
New medicine wipes out Tuberculosis in Taipei,,Taipei,25.04776,121.53185,TW
Zika Patient in Seminole Florida,,,,,
Antipolo under threat from Zika Virus,,Antipolo,14.62578,121.12251,PH
Spreading Zika reaches Bacoor,,Bacoor,14.45896,120.93851,PH
Can Zika make it here to Vero Beach,,Vero Beach,27.63864,-80.39727,US
Zika afflicts patient in Calamba,,Calamba,14.21167,121.16528,PH
Hollywood Outbreak Film Premieres,,,,,
Petaling Jaya man ill from Zika,,Petaling Jaya,3.10726,101.60671,MY
Malaria is Spreading in Johannesburg,,Johannesburg,-26.20227,28.04363,ZA
Authorities are Worried about the Spread of Norovirus in Buenos Aires,,Buenos Aires,-34.61315,-58.37723,AR
Guangzhou Patient in Critical Condition after Contracting Swine Flu,,Guangzhou,23.11667,113.25,CN
Doral hit by Deadly Virus,,Doral,25.81954,-80.35533,US
Tokyo Encounters Severe Symptoms of Meningitis,,Tokyo,35.6895,139.69171,JP
Rabies Exposure in Hamilton,,,,,
Authorities are Worried about the Spread of Influenza in Savannah,,Savannah,32.08354,-81.09983,US
Zika Outbreak in Hyderabad,,,,,
Birmingham Residents Recieve Rabies vaccine,,,,,
Is Zika virus in Majuro,,Majuro,7.08971,171.38027,MH
Spreading Zika ruining Cancun fun,,,,,
Cancun hit by Outbreak of Party Fever,,,,,
HIV has Arrived in Fairfax,,Fairfax,38.84622,-77.30637,US
Spanish Flu Outbreak in Barcelona,,,,,
Santa Barbara tests new cure for Hepatitis C,,,,,
Spring break ruined by Zika in Fort Lauderdale,,Fort Lauderdale,26.12231,-80.14338,US
Villavicencio under Zika threat,,Villavicencio,4.142,-73.62664,CO
Two more Zika cases confirmed in Laredo,,,,,
New Delhi Addressing Zika Concerns,,New Delhi,28.63576,77.22445,IN
New Zika Case in Kota Kinabalu Malaysia,Malaysia,Kota Kinabalu,5.9749,116.0724,MY
New medicine wipes out West Nile Virus in Ventura,,Ventura,34.27834,-119.29317,US
Meningitis reemerges in Nassau,,Nassau,25.05823,-77.34306,BS
Zika reaches Johor Bahru Malaysia,Malaysia,Johor Bahru,1.4655,103.7578,MY
Nha Trang Zika Outbreak,,Nha Trang,12.24507,109.19432,VN
First Zika Case in Cincinnati,,Cincinnati,39.12711,-84.51439,US
Molo Cholera Spread Causing Concern,,Molo,-0.24849,35.73194,KE
Norovirus Exposure in Hong Kong,Hong Kong,Hong Kong,22.27832,114.17469,HK
19 new Zika Cases in Sengkang,,Sengkang,-4.1279,120.0297,ID
Zika cases concern Charlotte residents,,Charlotte,35.22709,-80.84313,US
Batangas Tourism Takes a Hit as Virus Spreads,,Batangas,13.7567,121.0584,PH
Johannesburg Patient in Critical Condition after Contracting Pneumonia,,Johannesburg,-26.20227,28.04363,ZA
Outbreak of Zika in Bacolod City,,Bacolod City,10.66667,122.95,PH
Respiratory Syncytial Virus Keeps Spreading in Masaya,,Masaya,11.97444,-86.09417,NI
Spike of Pneumonia Cases in Springfield,,,,,
More Zika patients reported in Mcallen,,,,,
Zika case reported in Jupiter,,Jupiter,26.93422,-80.09421,US
Zika virus confirmed in Westchester,,,,,
Authorities are Worried about the Spread of Tuberculosis in Abuja,,Abuja,9.05785,7.49508,NG
Rumors about Hepatitis D Spreading in San Juan Capistrano have been Refuted,,,,,
The Spread of Measles in Spokane has been Confirmed,,Spokane,47.65966,-117.42908,US
Zika alert for Rio Grande Valley residents,,Rio Grande,-32.035,-52.09861,BR
Zika symptoms spotted in Colombo,,,,,
West Nile Virus Outbreak in Louisville,,,,,
New details in Baton Rouge cop killings,,Baton Rouge,30.44332,-91.18747,US
Hepatitis B has not Left Florence,,,,,
More Zika patients reported in Pensacola,,Pensacola,30.42131,-87.21691,US
Outbreak of Zika in Corpus Christi,,Corpus Christi,27.80058,-97.39638,US
How to Avoid Rhinovirus in Lemon Grove,,Lemon Grove,32.74255,-117.03142,US
Rumors about Rotavirus spreading in Huntsville have been refuted,,,,,
Rhinovirus has Arrived in Athens,,,,,
Outbreak of Zika in Panama City,Panama,Panama City,30.15946,-85.65983,US
West Nile Virus Outbreak in Saint Johns,,Saint John,45.27271,-66.06766,CA
Measles has not Left Brooklyn,,Brooklyn,40.6501,-73.94958,US
Escondido neighborhood to get sprayed for Zika virus,,Escondido,33.11921,-117.08642,US
Zika in Belmont Belmont worry,,,,,
Influenza has not Left Sacramento,,,,,
Veracruz hit by Zika Concerns,,,,,
Case of Mumps Reported in Dayton,,Dayton,39.75895,-84.19161,US
Authorities are Worried about the Spread of Dengue in Kingston,,,,,
Gainesville Deals with Disease Concerns,,,,,
Montevideo Encounters Severe Symptoms of Rotavirus,,Montevideo,-34.90328,-56.18816,UY
Varicella Keeps Spreading in Detroit,,Detroit,42.33143,-83.04575,US
Arhus is infested with Bronchitis,,Bron,45.73865,4.91303,FR
Zika Troubles come to Niteroi,,,,,
Zika cases in Singapore reach 393,Singapore,Singapore,1.28967,103.85007,SG
Manhattan Residents Recieve HIV vaccine,,,,,
Zika arrives in Miri,,Miri,4.39928,113.99163,MY
Rumors about Dengue Spreading in Syracuse have been Refuted,,,,,
Will Norovirus vaccine help Raleigh,,Raleigh,35.7721,-78.63861,US
Lower Hospitalization in Auckland after Hepatitis D Vaccine becomes Mandatory,,Auckland,-36.84853,174.76349,NZ
How to Avoid Gonorrhea in Shreveport,,Shreveport,32.52515,-93.75018,US
Ithaca is infested with Dengue,,Ithaca,42.44063,-76.49661,US
Will MCD vaccine help Strasbourg,,Strasbourg,48.58392,7.74553,FR
New medicine wipes out Measles in Fresno,,,,,
BREAKING  Zika in Missoula,,Missoula,46.87215,-113.994,US
Zika arrives in Santos,,Santos,-23.96083,-46.33361,BR
Sick Livestock Leads to Serious Trouble for Belfort,,Belfort,47.64218,6.85385,FR
Hepatitis E has not Left Libreville,,Libreville,0.39241,9.45356,GA
New medicine wipes out Chikungunya in Tucson,,Tucson,32.22174,-110.92648,US
Norovirus has Arrived in Winnipeg,,Winnipeg,49.8844,-97.14704,CA
Hepatitis B Comes to Kansas City,,,,,
More Patients in Cambridge are Getting Diagnosed with Chickenpox,,,,,
Chikungunya Exposure in Toledo,,,,,
Is Lafayette prepared to combat Zika,,,,,
Mecca tests new cure for Chikungunya,,Mecca,21.42664,39.82563,SA
Zika arrives in San Benito,,,,,
Syphilis Outbreak in Harrisburg,,Harrisburg,40.2737,-76.88442,US
Zika Arrives in North Miami,,North Miami,25.89009,-80.18671,US
Urbana Encounters Severe Symptoms of Meningitis,,Urbana,40.11059,-88.20727,US
Pittsburgh Residents Recieve Norovirus vaccine,,,,,
Chikungunya Hits Denver,,Denver,39.73915,-104.9847,US
Zika case recorded in Tunapuna ,,Tunapuna,10.65245,-61.38878,TT
Spike of Respiratory Syncytial Virus Cases in Mandalay,,Mandalay,21.97473,96.08359,MM
HIV Keeps Spreading in Boulder,,Boulder,40.01499,-105.27055,US
More Zika patients reported in Joao Pessoa,,,,,
Will Tuberculosis vaccine help Rockville,,Rockville,39.084,-77.15276,US
Mad Cow Disease Reemerges in Chatham,,,,,
Zika Virus Arrives in Ontario,,Ontario,34.06334,-117.65089,US
Mad Cow Disease Hits Naples,,,,,
More Zika patients reported in Davao,,Davao,7.07306,125.61278,PH
The Spread of Chikungunya in Arcadia has been Confirmed,,Arcadia,34.13973,-118.03534,US
Oxford tests new cure for HIV,,,,,
Outbreak of Zika in Stephenville,,Stephenville,32.2207,-98.20226,US
Providence Encounters Severe Symptoms of Dengue,,Providence,41.82399,-71.41283,US
Tests negative on Windsor Zika carriers,,,,,
Zika battle outlined at Valdosta meeting,,Valdosta,30.83334,-83.28032,US
Zika case reported in Coral Gables,,Coral Gables,25.72149,-80.26838,US
Hepatitis C Outbreak in Danbury,,Danbury,41.39482,-73.45401,US
Chickenpox has Arrived in Chula Vista,,Chula Vista,32.64005,-117.0842,US
Syphilis Hits Jefferson,,Jefferson,38.86456,-77.18776,US
Will HIV vaccine help Las Vegas,,Las Vegas,36.17497,-115.13722,US
Zika arrives in West Palm Beach,,West Palm Beach,26.71534,-80.05337,US
Mobile authorities confirmed the spread of Bronchitis,,Mobile,30.69436,-88.04305,US
Zika spreads to Daytona Beach,,Daytona Beach,29.21081,-81.02283,US
Lausanne Residents Recieve Meningitis vaccine,,Lausanne,46.516,6.63282,CH
Rhinovirus Comes to San Jose,,,,,
Spike of Chlamydia Cases in Farmington,,,,,
Authorities are Worried about the Spread of Rotavirus in Union,,Union,40.6976,-74.2632,US
Rumors about Hepatitis D spreading in Albany have been refuted,,,,,
Zika symptoms spotted in Bello,,Bello,6.33732,-75.55795,CO
Will Meningitis vaccine help Hamburg,,Hamburg,53.57532,10.01534,DE
Madera Patient in Critical Condition after Contracting Rabies,,,,,
Zika Virus Detected in Lubbock,,Lubbock,33.57786,-101.85517,US
Malaria reemerges in Boise,,Boise,43.6135,-116.20345,US
Varicella reemerges in Lagos,,,,,
Vericella spreading in Ibadan,,Ibadan,7.37756,3.90591,NG
Schools in Birmingham Closed Due to Measles Outbreak,,,,,
How to Avoid Hepatitis B in Waldorf,,Waldorf,38.62456,-76.93914,US
More people in Mclean are infected with Hepatitis A every year,,,,,
Malaria Exposure in Sussex,,Mala,-12.65806,-76.63083,PE
Tuberculosis Outbreak in Newark,,,,,
Zika Virus Sparks International Concern,,Sparks,39.53491,-119.75269,US
Spike of Chlamydia Cases in Berlin,,Berlin,52.52437,13.41053,DE
Zikacarrying mosquitoes discovered in Ardmore,,Ardmore,34.17426,-97.14363,US
Zika Mosquitoes May Have Bred in Bromeliads Florida Officials Say,,,,,
More Livestock in Fontainebleau are infected with Mad Cow Disease,,Fontainebleau,48.40908,2.70177,FR
Frisco Woman Tests Positive For Zika Virus,,Frisco,33.15067,-96.82361,US
Authorities are Worried about the Spread of Norovirus in Dubai,,Dubai,25.07725,55.30927,AE
Benton Residents Recieve Pneumonia vaccine,,Benton,34.56454,-92.58683,US
Case of Hepatitis A Reported in Calgary,,Calgary,51.05011,-114.08529,CA
Zika Outbreak in Pinewood,,Pinewood,25.86898,-80.21699,US
Will Swine Flu vaccine help Ljubljana,,Ljubljana,46.05108,14.50513,SI
Bronchitis reemerges in Tehran,,Tehran,35.69439,51.42151,IR
Greenwich Establishes Zika Task Force,,Green,40.94589,-81.48317,US
Mad Cow case in Murcia,,,,,
Mad Cow Disease Spreads to Margate,,,,,
Zika Strikes St Petersburg,,Petersburg,37.22793,-77.40193,US
Will West Nile Virus vaccine help Parsons,,Wil,47.46152,9.04552,CH
Will the Mad Cow Outbreak Reach Vienna,,,,,
More Patients in Orange are Getting Diagnosed with Chickenpox,,,,,
Lower Hospitalization in Richmond after Mumps Vaccine becomes Mandatory,,,,,
Meningitis reemerges in Medina,,,,,
Yulee takes a hit from Spreading Sickness,,,,,
Four cases of Zika in Hidalgo County,,Hidalgo,25.97205,-100.45029,MX
Zika symptoms spotted in Hollywood,,,,,
Zika arrives in Oaxaca,,Oaxaca,17.06542,-96.72365,MX
More people in Durham are infected with Chlamydia every year,,,,,
Authorities are Worried about the Spread of Gonorrhea in Taoyuan City,,Taoyuan City,24.99368,121.29696,TW
Swine Flu reemerges in La Jolla,,La Jolla,32.84727,-117.2742,US
Tuberculosis Outbreak in Hartford,,Hartford,41.76371,-72.68509,US
Rumors about Mumps Spreading in New Bedford have been Refuted,,,,,
Respiratory Syncytial Virus Vaccine is now Required in Tulsa,,Tulsa,36.15398,-95.99277,US
More people in Indianapolis are infected with Norovirus every year,India,Indianapolis,39.76838,-86.15804,US
Lower Hospitalization in Dhaka after Measles Vaccine becomes Mandatory,,Dhaka,23.7104,90.40744,BD
Albany Residents Recieve Respiratory Syncytial Virus vaccine,,,,,
The Spread of Chikungunya in Davidson has been Confirmed,,David,8.42729,-82.43085,PA
Rotavirus Vaccine is now Required in Starkville,,Starkville,33.45049,-88.81961,US
Schools in Yaounde Closed Due to Mumps Outbreak,,Yao,34.61667,135.6,JP
More people in Nadi are infected with HIV every year,,Nadi,-17.80309,177.41617,FJ
Tocumen tests new cure for Hepatitis A,,Tocumen,9.08939,-79.3831,PA
Phnom Penh hit by Zika Threat,,Phnom Penh,11.56245,104.91601,KH
Zika Troubles come to Harlingen,,,,,
Zika spreads to Barranquilla,,,,,
Milwaukee authorities confirmed the spread of Rhinovirus,,Milwaukee,43.0389,-87.90647,US
Mad Cow Disease Hits Rotterdam,,,,,
Zika symptoms spotted in Arlington,,,,,
West Nile Virus Hits Yogyakarta,,Yogyakarta,-7.80139,110.36472,ID
More Patients in Dublin are Getting Diagnosed with Bronchitis,,,,,
Rumors about Tuberculosis Spreading in Baud have been Refuted,,Baud,20.83773,84.32618,IN
Rumors about West Nile Virus Spreading in Salem have been Refuted,,,,,
St Catharines Patient in Critical Condition after Contracting Dengue,,Pati,-6.7559,111.038,ID
Zika case reported in Los Fresnos,,,,,
More Zika patients reported in Camacari,,,,,
Outbreak of Zika in Pasig City,,Pasig City,14.58691,121.0614,PH
Zika Troubles come to Kampong Cham,,Kampong Cham,11.99339,105.4635,KH
Zika case reported in Rizal,,Rizal,15.7118,121.1061,PH
Zika Spreads to Palm Beach Gardens,,Palm Beach Gardens,26.82339,-80.13865,US
More people in Saint Petersburg are infected with Varicella every year,,,,,
Spike of Herpes Cases in Meriden,,Meriden,41.53815,-72.80704,US
Zika case reported in Abilene,,Abilene,32.44874,-99.73314,US
Outbreak of Zika in Palm Springs,,,,,
Halifax is infested with Swine Flu,,,,,
Zika arrives in Natal,,Natal,-5.795,-35.20944,BR
Herpes Keeps Spreading in Rochester,,,,,
Zika case reported in Phetchabun,,Phetchabun,16.41904,101.16056,TH
How to Avoid Pneumonia in Bullhead City,,Bullhead City,35.14778,-114.5683,US
West Nile Virus reemerges in Wellington,,,,,
Rumors about Pneumonia spreading in Ottawa have been refuted,,,,,
Meningitis reemerges in Summerville,,Summerville,33.0185,-80.17565,US
Pneumonia Symptoms Spread all over Bloomington,,,,,
More Patients in Stuttgart are Getting Diagnosed with Rabies,,Stuttgart,48.78232,9.17702,DE
Schools in Glasgow Closed Due to Hepatitis B Outbreak,,Glasgow,55.86515,-4.25763,GB
Phoenix Residents Recieve Syphilis vaccine,,Phoenix,33.44838,-112.07404,US
More people in Boucau are infected with HIV every year,,Bo,7.96472,-11.73833,SL
Spanish flu spreading in Madrid,,,,,
Rabies Hits Madrid,,,,,
Zika Outbreak in Weslaco,,Weslaco,26.15952,-97.99084,US
How to Avoid Chlamydia in Santiago,,,,,
Rotavirus Vaccine is now Required in Las Cumbres,,Las Cumbres,9.08916,-79.52809,PA
Mumps Symptoms Spread all over Jefferson,,Jefferson,38.86456,-77.18776,US
Mad Cow Outbreak Spreading in Ennis,,,,,
Southampton Patient in Critical Condition after Contracting Tuberculosis,,Southampton,50.90395,-1.40428,GB
The Spread of Rhinovirus in Boardman has been Confirmed,,Boardman,41.02423,-80.66285,US
Richland Center is infested with Hepatitis B,,Richland,46.28569,-119.28446,US
Authorities are Worried about the Spread of Chickenpox in Richmond,,,,,
Chikungunya reemerges in Kobe,,Kobe,34.6913,135.183,JP
Malaria Vaccine is now Required in Schenectady,,Schenectady,42.81424,-73.93957,US
Hepatitis D has Arrived in Grenoble,,Grenoble,45.17869,5.71479,FR
West Nile Virus Symptoms Spread all over Yerevan,,Yerevan,40.18111,44.51361,AM
Zika Outbreak in Sincelejo,,Sincelejo,9.30472,-75.39778,CO
Rumors about HIV spreading in Montpellier have been refuted,,Montpellier,43.61092,3.87723,FR
Praia tests new cure for Pneumonia,,Praia,14.93152,-23.51254,CV
Bronchitis Outbreak in Manhasset,,,,,
Lower Hospitalization in Lakewood after Hepatitis B Vaccine becomes Mandatory,,,,,
Zika spreads to Kuching,,Kuching,1.55,110.33333,MY
Spike of Rotavirus Cases in Omaha,,Omaha,41.25626,-95.94043,US
Tuberculosis reemerges in Silver Springs,,Springs,-26.25,28.4,ZA
Will West Nile Virus vaccine help Coronado,,,,,
Zika case confirmed in Lorain,,Lorain,41.45282,-82.18237,US
Chickenpox Hits Simpsonville,,Simpsonville,34.73706,-82.25428,US
Framingham Residents Receive Measles vaccine,,Framingham,42.27926,-71.41617,US
Rumors about Mad Cow Disease Brighton have been Refuted,,,,,
Zika case reported in Jacobina,,Jacobina,-11.18143,-40.51372,BR
Bridgeport authorities confirmed the spread of West Nile Virus,,,,,
Zika Troubles come to Padre Las Casas,,,,,
Measles Vaccine is now Required in Wailuku,,Wailuku,20.89133,-156.50604,US
Zika symptoms spotted in Surat,,Sur,22.56667,59.52889,OM
Rumors about Influenza Spreading in Dobbs Ferry have been Refuted,,,,,
More contaminated cattle reported in Bedford,,,,,
Zika in Tamarac,,Tamarac,26.21286,-80.24977,US
Will Measles vaccine help Milford,,,,,
Spike of Norovirus Cases in Huddersfield,,Huddersfield,53.64904,-1.78416,GB
Rhinovirus Hits Bakersfield,,Bakersfield,35.37329,-119.01871,US
Lower Hospitalization in Papeete after Measles Vaccine becomes Mandatory,,Papeete,-17.53733,-149.5665,PF
Zika arrives in Udon Thani,,Udon Thani,17.41567,102.78589,TH
Spike of Dengue Cases in Stockholm,,Stockholm,59.33258,18.0649,SE
More people in Berkeley are infected with Swine Flu every year,,Berkeley,37.87159,-122.27275,US
Outbreak of Zika in Destin,,,,,
Zika only the latest mosquitoborne threat to New Orleans,,New Orleans,29.95465,-90.07507,US
Will Swine Flu vaccine help Annapolis,,Annapolis,38.97845,-76.49218,US
Lower Hospitalization in Monroe after Hepatitis D Vaccine becomes Mandatory,,,,,
New medicine wipes out Dengue in Saginaw,,,,,
Spike of Rhinovirus Cases in Sevierville,,Sevierville,35.86815,-83.56184,US
Duisburg up in Arms over Mad Cow Disease,,Duisburg,51.43247,6.76516,DE
New medicine wipes out Mumps in Saint Charles,,,,,
Case of Chikungunya Reported in Gaithersburg,,Gaithersburg,39.14344,-77.20137,US
How to Avoid Respiratory Syncytial Virus in San Bernardino,,San Bernardino,34.10834,-117.28977,US
Laventille authorities confirmed the spread of Rhinovirus,,Laventille,10.64917,-61.49889,TT
More Zika patients reported in Waco,,Waco,31.54933,-97.14667,US
Will Herpes vaccine help Newcastle,,,,,
Erie County sets Zika traps,,,,,
More people in Huron are infected with Dengue every year,,,,,
How to Avoid Norovirus in Greenville,,,,,
More Zika patients reported in Calumpang,,Calumpang,14.6228,121.0897,PH
Zika symptoms spotted in Quisqueya,,Quisqueya,18.55542,-69.40814,DO
Rumors about Hepatitis D Spreading in Montreal have been Refuted,,Mon,26.73583,95.05841,IN
Zika symptoms spotted in Fortaleza,,Fortaleza,-3.71722,-38.54306,BR
Rumors about Bronchitis spreading in Bundaberg have been refuted,,Bundaberg,-24.86621,152.3479,AU
Hepatitis A reemerges in Stamford,,,,,
Schools in Huntington Closed Due to Rotavirus Outbreak,,,,,
Will Mad Cow Vaccine Help Bristol,,,,,
Chickenpox Comes to Stillwater,,,,,
The Spread of Meningitis in Imperial has been Confirmed,,,,,
Will Tuberculosis vaccine help Cherry Creek,,Wil,47.46152,9.04552,CH
Gympie Patient in Critical Condition after Contracting Chlamydia,,Pati,-6.7559,111.038,ID
Case of Measles Reported in Springdale,,Springdale,36.18674,-94.12881,US
Norwalk Encounters Severe Symptoms of Malaria,,,,,
Zika arrives in Orange City,,,,,
Pilsen Encounters Severe Symptoms of Malaria,,Pilsen,49.74747,13.37759,CZ
Will Hepatitis B vaccine help La Paz,,,,,
Zika Outbreak in Puducherry,,Puducherry,11.93381,79.82979,IN
More Zika patients reported in Carrollton,,,,,
Will Rabies vaccine help Tangier,,Tangier,35.76727,-5.79975,MA
Zika symptoms spotted in Iquitos,,Iquitos,-3.74912,-73.25383,PE
West Nile Virus Exposure in Racine,,Racine,42.72613,-87.78285,US
The Spread of Hepatitis E in Lansing has been Confirmed,,,,,
West Nile Virus Exposure in Alpharetta,,Alpharetta,34.07538,-84.29409,US
Pedro Juan Caballero Encounters Severe Symptoms of Pneumonia,,Pedro Juan Caballero,-22.54722,-55.73333,PY
More Zika patients reported in Melbourne,,,,,
Zika Troubles come to La Libertad,,,,,
Herpes Vaccine is now Required in Mattoon,,Mattoon,39.48309,-88.37283,US
Kent is infested with Rabies,,,,,
Zika symptoms spotted in Bonita Springs,,Bonita Springs,26.33981,-81.7787,US
The Spread of Malaria in Brazzaville has been Confirmed,,Brazzaville,-4.26613,15.28318,CG
More Zika patients reported in Fort Myers,,Fort Myers,26.62168,-81.84059,US
Zika spreads to Lewisville,,Lewisville,33.04623,-96.99417,US
Ogden is infested with Gonorrhea,,Ogden,41.223,-111.97383,US
Fort Hood Reports its First Zika Patient,,Fort Hood,31.13489,-97.77561,US
Huzhou Residents Receive Hepatitis B vaccine,,Huzhou,30.8703,120.0933,CN
New medicine wipes out Rabies in Newburgh,,Newburgh,41.50343,-74.01042,US
Iowa City Encounters Severe Symptoms of Rhinovirus,,Iowa City,41.66113,-91.53017,US
Spike of Rabies Cases in Managua,,Managua,12.13282,-86.2504,NI
Outbreak of Zika in Santa Elena,,,,,
Mumps Hits Howard Beach,,Howard Beach,40.65788,-73.83625,US
The Spread of Gonorrhea in Reno has been Confirmed,,Reno,39.52963,-119.8138,US
How to Avoid Rhinovirus in Plainfield,,,,,
Rumors about Varicella spreading in Carlsbad have been refuted,,,,,
Scranton authorities confirmed the spread of Gonorrhea,,Scranton,41.40916,-75.6649,US
Mad Cow Disease Disastrous to Brussels,,Brussels,50.85045,4.34878,BE
Zika spreads to Olinda,,Olinda,-8.00889,-34.85528,BR
Hallandale Beach a Victim of Zika Outbreak,,Hallandale Beach,25.9812,-80.14838,US
Rhinovirus reemerges in Storrs,,Storrs,41.80843,-72.24952,US
Germantown authorities confirmed the spread of Chickenpox,,,,,
Rumors about Rotavirus spreading in North Platte have been refuted,,North Platte,41.12389,-100.76542,US
Spike of Hepatitis C Cases in Golden,,Golden,39.75554,-105.2211,US
Authorities are Worried about the Spread of Hepatitis D in Ganja,,Ganja,40.68278,46.36056,AZ
Dengue Exposure in Kathmandu,,Kathmandu,27.70169,85.3206,NP
Tuberculosis has Arrived in Fairfield,,,,,
Outbreak of Zika in Kozhikode,,Kozhikode,11.24802,75.7804,IN
Bronchitis Symptoms Spread all over Santa Fe,,,,,
More Patients in Alexandria are Getting Diagnosed with Mumps,,,,,
Pneumonia Exposure in Alhambra,,,,,
Hepatitis C reemerges in Damascus,,,,,
Lower Hospitalization in Pekanbaru after Rotavirus Vaccine becomes Mandatory,,Pekanbaru,0.51667,101.44167,ID
Spike of Meningitis Cases in Druid Hills,,,,,
Schools in Bentonville Closed Due to Hepatitis B Outbreak,,Bentonville,36.37285,-94.20882,US
Hepatitis E Hits Hammond,,,,,
Schools in Bridgeton Closed Due to Mumps Outbreak,,Bridgeton,39.42734,-75.23408,US
Biloxi Residents Recieve Chlamydia vaccine,,Biloxi,30.39603,-88.88531,US
Case of Mad Cow Disease Reported in Hilden,,Hilden,51.16818,6.93093,DE
Rumors about Rabies Spreading in Khartoum have been Refuted,,Khartoum,15.55177,32.53241,SD
Harare is infested with Pneumonia,,Harare,-17.82772,31.05337,ZW
Zika symptoms spotted in Sibu,,Sibu,2.3,111.81667,MY
Zika arrives in Quezon,,,,,
More Patients in Crawfordsville are Getting Diagnosed with Rabies,,Crawfordsville,40.04115,-86.87445,US
Spike of Hepatitis B Cases in Greenville,,,,,
Authorities are Worried about the Spread of Hepatitis D in Akron,,Akron,41.08144,-81.51901,US
More Zika patients reported in Nuevo Laredo,,,,,
Bronchitis Keeps Spreading in San Mateo,,,,,
Zika arrives in Boca Raton,,Boca Raton,26.35869,-80.0831,US
Bradenton Experiences Zika Troubles  ,,Bradenton,27.49893,-82.57482,US
Chlamydia Symptoms Spread all over University City,,University City,38.65588,-90.30928,US
Wisconsin Rapids Patient in Critical Condition after Contracting Chickenpox,,Wisconsin Rapids,44.38358,-89.81735,US
Zika spreads to Kissimmee,,Kissimmee,28.30468,-81.41667,US
Herpes Symptoms Spread all over Fremont,,,,,
Spike of Pneumonia Cases in The Bronx,,The Bronx,40.84985,-73.86641,US
Authorities are Worried about the Spread of Hepatitis D in North Bay,,North Bay,46.3168,-79.46633,CA
The Spread of Herpes in Baku has been Confirmed,,Baku,40.37767,49.89201,AZ
Will Measles vaccine help Sochi,,Sochi,43.59917,39.72569,RU
Tuberculosis Symptoms Spread all over Caguas,,Caguas,18.23412,-66.0485,PR
HIV has Arrived in Tacoma,,Tacoma,47.25288,-122.44429,US
Malaria reemerges in Nashua,,Nashua,42.76537,-71.46757,US
Arvada is infested with Syphilis,,Arvada,39.80276,-105.08748,US
Spike of Syphilis Cases in West Monroe,,,,,
More Zika patients reported in Ribeirao Preto,,Ribeira,42.74611,-8.44392,ES
Martinsville tests new cure for Measles,,Martin,49.06651,18.92399,SK
Deerfield tests new cure for Measles,,Deerfield,42.17114,-87.84451,US
Contaminated Meat Brings Trouble for Bonn Farmers,,Bonn,50.73438,7.09549,DE
More Patients in Magnolia are Getting Diagnosed with Malaria,,,,,
Hepatitis A reemerges in Foster City,,Foster City,37.55855,-122.27108,US
How to Avoid Tuberculosis in Santa Monica,,Santa Monica,34.01945,-118.49119,US
Zika reported in Fort Pierce,,Fort Pierce,27.44671,-80.32561,US
Authorities are Worried about the Spread of Syphilis in Pyongyang,,Pyongyang,39.03385,125.75432,KP
Zika spreads to Winter Park,,Winter Park,28.6,-81.33924,US
Durango is infested with Hepatitis B,,,,,
Hepatitis A has not Left Staten Island,,Staten Island,40.56233,-74.13986,US
Mpika authorities confirmed the spread of Chikungunya,,Mpika,-11.83431,31.45287,ZM
Gladstone Encounters Severe Symptoms of Dengue,,,,,
Mad Cow Disease Hits London,,,,,
New Milford Patient in Critical Condition after Contracting Respiratory Syncytial Virus,,,,,
More people in Palo Alto are infected with HIV every year,,Palo Alto,37.44188,-122.14302,US
HIV Symptoms Spread all over Hinthada,,Hinthada,17.64944,95.45705,MM
Zika symptoms spotted in Quito,,Quito,-0.22985,-78.52495,EC
Vineland authorities confirmed the spread of Chlamydia,,Vineland,39.48623,-75.02573,US
Sulu Zamboanga brace for Zika,,Zamboanga,6.91028,122.07389,PH
More Zika patients reported in Custodia,,,,,
Tupelo Residents Recieve Syphilis vaccine,,Tupelo,34.25807,-88.70464,US
Rumors about Syphilis spreading in Penal have been refuted,,Pen,18.73734,73.09603,IN
Spanish Flu Outbreak in Lisbon,,Lisbon,38.71667,-9.13333,PT
Spanish Flu Spreading through Madrid,,,,,
Barcelona Struck by Spanish Flu,,,,,
Spanish Flu Outbreak in Lisbon,,Lisbon,38.71667,-9.13333,PT
Spanish Flu Spreading through Madrid,,,,,
Barcelona Struck by Spanish Flu ,,,,,
The Spread of Dengue in Yakima has been Confirmed,,Yakima,46.60207,-120.5059,US
Tuberculosis Hits Luanda,,Luanda,-8.83682,13.23432,AO
Will West Nile Virus vaccine help Dumai,,Dumai,1.66711,101.44316,ID
Rumors about Chlamydia spreading in Redmond have been refuted,,,,,
Case of Varicella Reported in Concord,,,,,
Zika virus case reported in Rockland,,Rockland,42.13066,-70.91616,US
Zika investigators coming to Mankato,,Mankato,44.15906,-94.00915,US
Toms River Encounters Severe Symptoms of Respiratory Syncytial Virus,,Toms River,39.95373,-74.19792,US
The Spread of Malaria in Zanzibar has been Confirmed,,Zanzibar,-6.16394,39.19793,TZ
Malaria Outbreak Hits Zanzibar Tourist Industry,,Zanzibar,-6.16394,39.19793,TZ
Tourist Perishes from Malaria in Arusha,,Arusha,-3.36667,36.68333,TZ
Herpes Symptoms Spread all over New Kingston,,,,,
More people in Yokohama are infected with Norovirus every year,,Yokohama,35.43333,139.65,JP
More people in Kitwe are infected with Respiratory Syncytial Virus every year,,Kitwe,-12.80243,28.21323,ZM
Hepatitis D Keeps Spreading in Bismarck,,Bismarck,46.80833,-100.78374,US
Varicella Outbreak in Minot,,,,,
Malaria has Arrived in Terrebonne,,Terrebonne,45.70004,-73.64732,CA
Chikungunya Keeps Spreading in North Vancouver,,,,,
Authorities are Worried about the Spread of Chickenpox in Hemet,,Hemet,33.74761,-116.97307,US
Fort Belvoir tests new cure for Hepatitis C,,,,,
More people in Oak Brook are infected with Respiratory Syncytial Virus every year,,,,,
Rumors about Hepatitis C spreading in Darien have been refuted,,,,,
The Spread of West Nile Virus in Fairfield has been Confirmed,,,,,
Princeton Encounters Severe Symptoms of Dengue,,,,,
Norovirus Keeps Spreading in Copenhagen,,Copenhagen,55.67594,12.56553,DK
Wuhan is infested with Varicella,,Wuhan,30.58333,114.26667,CN
Zika spreads to San Luis Potosi,,,,,
Outbreak of Zika in Hutchins,,,,,
Spike of Norovirus Cases in Canberra,,Canberra,-35.28346,149.12807,AU
Zika Troubles come to Greater Noida,,Greater Noida,28.49615,77.53601,IN
Lower Hospitalization in Palm Springs after Hepatitis A Vaccine becomes Mandatory,,,,,
Longwood volunteers spreading Zika awareness,,,,,
Outbreak of Zika in Leesburg,,,,,
Authorities are Worried about the Spread of Tuberculosis in Cantu,,,,,
Zika symptoms spotted in Quixere,,,,,
New medicine wipes out HIV in Kihei,,,,,
Sangre Grande Residents Recieve Gonorrhea vaccine,,Sangre Grande,10.58705,-61.13008,TT
Outbreak of Zika in Colombo,,,,,
Will Rotavirus vaccine help Addis Ababa,,Addis Ababa,9.02497,38.74689,ET
Stony Brook University experts discuss Zika virus,,University,28.07389,-82.43902,US
Lower Hospitalization in Janesville after Varicella Vaccine becomes Mandatory,,Janesville,42.68279,-89.01872,US
Rabies Outbreak in Altus,,Altus,34.63813,-99.33398,US
Miami resident suggests Zika precautions,,Miami,25.77427,-80.19366,US
Zika Troubles come to Jaen,,Jaen,15.3275,120.9192,PH
Hepatitis B Exposure in Edinburgh,,Edinburgh,55.95206,-3.19648,GB
Zika case reported in Reynosa,,Reynosa,26.08061,-98.28835,MX
Schools in Tulare Closed Due to Mumps Outbreak,,Tulare,36.20773,-119.34734,US
More Zika patients reported in Chennai,,Chennai,13.08784,80.27847,IN
Hepatitis D Keeps Spreading in Danvers,,Danvers,42.57509,-70.93005,US
Authorities a Miami,,Miami,25.77427,-80.19366,US
Zika case reported in Medellin,,,,,
Spike of Tuberculosis Cases in Albuquerque,,Albuquerque,35.08449,-106.65114,US
More people in Cranford are infected with Hepatitis A every year,,Cranford,40.65844,-74.29959,US
West Nile Virus Hits Monroe,,,,,
Pneumonia Outbreak in Springville,,Springville,40.16523,-111.61075,US
Zika arrives in San Onofre,,,,,
Lung Cancer Rates Increasing in Moscow,,,,,
Rumors about Rotavirus Spreading in Joliet have been Refuted,,Joliet,41.52519,-88.0834,US
More Zika patients reported in Chanthaburi,,Chanthaburi,12.60961,102.10447,TH
Lawrenceville is infested with Dengue,,,,,
Zika Reported in Ciudad Acuna,,,,,
Zika case reported in Limoeiro,,Limoeiro,-7.87472,-35.45028,BR
Ibadan tests new cure for Malaria,,Ibadan,7.37756,3.90591,NG
Gonorrhea has Arrived in Avon Lake,,,,,
Pneumonia has not Left Kinshasa,,Kinshasa,-4.32758,15.31357,CD
Respiratory Syncytial Virus Hits Henderson,,,,,
More Zika patients reported in Lakeland,,Lakeland,28.03947,-81.9498,US
Malaria Vaccine is now Required in Winona,,Winona,44.04996,-91.63932,US
More Patients in Canton are Getting Diagnosed with Norovirus,,,,,
Ronkonkoma is infested with Chickenpox,,Ronkonkoma,40.81538,-73.11233,US
Kedougou tests new cure for Hepatitis C,,,,,
Gonorrhea Exposure in Norwalk,,,,,
How to Avoid Rhinovirus in Medford,,,,,
Hepatitis D Symptoms Spread all over Evansville,,,,,
New medicine wipes out Herpes in Bossier City,,Bossier City,32.51599,-93.73212,US
Pneumonia Exposure in San Jose,,,,,
Authorities are Worried about the Spread of Mad Cow Disease in Edinburgh,,Edinburgh,55.95206,-3.19648,GB
Duluth Patient in Critical Condition after Contracting Rotavirus,,,,,
Measles Hits Davos,,,,,
Norfolk tests new cure for Herpes,,,,,
More Zika patients reported in Botucatu,,Botucatu,-22.88583,-48.445,BR
Manassas Encounters Severe Symptoms of Measles,,Manassas,38.75095,-77.47527,US
Fayetteville authorities confirmed the spread of HIV,,,,,
Varicella Exposure in Cambridge,,,,,
Hepatitis A Vaccine is now Required in Fukushima,,Fukushima,37.75,140.46667,JP
Zika Outbreak in South Miami,,Miami,25.77427,-80.19366,US
Hepatitis D Symptoms Spread all over North Bethesda,,North Bethesda,39.04455,-77.11887,US
Panama Citys first Zika related death,Panama,Panama City,30.15946,-85.65983,US
West Nile Virus has Arrived in Dongguan,,Dongguan,23.01797,113.74866,CN
Zika arrives in Belmopan,,Belmopan,17.25,-88.76667,BZ
Zika seminars in Yuma County,,Yuma,32.72532,-114.6244,US
Rumors about Hepatitis E Spreading in Morristown have been Refuted,,,,,
Mumps Outbreak in Joplin,,Joplin,37.08423,-94.51328,US
Spike of Hepatitis E Cases in Morehead City,,,,,
Authorities are Worried about the Spread of Mumps in Corona,,,,,
Schools in Danville Closed Due to Tuberculosis Outbreak,,,,,
Outbreak of Zika in Alvorada,,,,,
Marquette tests new cure for Hepatitis A,,Marquette,46.54354,-87.39542,US
Norovirus Vaccine is now Required in Anaheim,,Anaheim,33.83529,-117.9145,US
Zika Outbreak in Manaus,,Manaus,-3.10194,-60.025,BR
Zika spreads to Caucasia,,Caucasia,7.98654,-75.19349,CO
Case of Malaria Reported in Aurora,,,,,
Manchester Residents Recieve Influenza vaccine,,,,,
Zika spreads to Kamphaeng Phet,,Kamphaeng Phet,16.48344,99.52153,TH
Rotavirus Vaccine is now Required in Labasa,,Labasa,-16.4332,179.36451,FJ
The Spread of Hepatitis E in Fargo has been Confirmed,,Fargo,46.87719,-96.7898,US
Zika Outbreak in Mexicali,,Mexicali,32.62781,-115.45446,MX
West Nile Virus Keeps Spreading in Hauppauge,,Hauppauge,40.82565,-73.20261,US
Bronchitis Keeps Spreading in Hayward,,Hayward,37.66882,-122.0808,US
Schools in Coamo Closed Due to Rhinovirus Outbreak,,,,,
Zika arrives in Dangriga,,,,,
Zika spreads to Plant City,,Plant City,28.01888,-82.11469,US
Chlamydia Exposure in Sanaa,,Sanaa,15.35472,44.20667,YE
Zika Reported in North Miami Beach,,North Miami Beach,25.93315,-80.16255,US
More Patients in Kensington are Getting Diagnosed with Varicella,,,,,
More Patients in Maynard are Getting Diagnosed with Syphilis,,Pati,-6.7559,111.038,ID
Case of West Nile Virus Reported in Riverside,,,,,
Northfield Encounters Severe Symptoms of Herpes,,Northfield,44.4583,-93.1616,US
The Spread of Respiratory Syncytial Virus in Monroe has been Confirmed,,,,,
How to Avoid Hepatitis B in Trenton,,,,,
Zika Reported in Ilopango,,Ilopango,13.70167,-89.10944,SV
Barstow Patient in Critical Condition after Contracting Herpes,,,,,
Hepatitis D Exposure in Aswan,,Aswan,24.09082,32.89942,EG
Will Gonorrhea vaccine help East Moline,,East Moline,41.50087,-90.4443,US
New medicine wipes out Influenza in Redlands,,Redlands,34.05557,-117.18254,US
How to Avoid Contaminated Meat when Visiting Basel,,Basel,47.55839,7.57327,CH
More Zika patients reported in Kampong Speu,,Kampong Speu,11.45332,104.52085,KH
Alameda Residents Recieve Rabies vaccine,,Alameda,37.76521,-122.24164,US
Mad Cow Disease Detected in Lyon,,Lyon,45.74846,4.84671,FR
Memphis Encounters Severe Symptoms of Swine Flu,,Memphis,35.14953,-90.04898,US
Zika Troubles come to Delray Beach,,Delray Beach,26.46146,-80.07282,US
How to Avoid Chikungunya in Hampton,,,,,
Zika Reported in Sao Jose,,Jos,9.92849,8.89212,NG
Case of Norovirus Reported in Stratford,,,,,
How to Avoid Hepatitis E in South Bend,,South Bend,41.68338,-86.25001,US
Hepatitis C Outbreak in Bethlehem,,,,,
Davenport is infested with Dengue,,Davenport,41.52364,-90.57764,US
Rumors about Swine Flu spreading in Suzhou have been refuted,,,,,
Malaria Vaccine is now Required in Elyria,,Elyria,41.36838,-82.10765,US
Zika case reported in Antioquia,,,,,
Case of Swine Flu Reported in Tbilisi,,Tbilisi,41.69411,44.83368,GE
Chikungunya has not Left Pismo Beach,,,,,
Zika spreads to La Joya,,,,,
Influenza Keeps Spreading in Suffolk,,Suffolk,36.72836,-76.58496,US
More people in Allentown are infected with Chlamydia every year,,,,,
Mad Cow Disease reemerges in Bedford,,,,,
Authorities are Worried about the Spread of Hepatitis B in Yiwu,,Yiwu,29.31506,120.07676,CN
Zika Outbreak in Yurimaguas,,Yurimaguas,-5.90181,-76.12234,PE
Dengue Outbreak in Easton,,,,,
Varicella has Arrived in Milton,,,,,
New medicine wipes out Meningitis in Sevilla,,,,,
Authorities are Worried about the Spread of Varicella in Clovis,,,,,
More Zika patients reported in Fort Worth,,Fort Worth,32.72541,-97.32085,US
Zika symptoms spotted in Boynton Beach,,Boynton Beach,26.52535,-80.06643,US
Outbreak of Zika in Portoviejo,,Portoviejo,-1.05458,-80.45445,EC
Influenza Exposure in Muscat,,Muscat,23.58413,58.40778,OM
Rumors about Rabies spreading in Jerusalem have been refuted,,Jerusalem,31.76904,35.21633,IL
More Zika patients reported in Indang,,Indang,14.19528,120.87694,PH
Suva authorities confirmed the spread of Rotavirus,,Suva,-18.14161,178.44149,FJ
More Zika patients reported in Bella Vista,,,,,
Zika Outbreak in Wichita Falls,,Wichita Falls,33.91371,-98.49339,US
